{
   "format_version": "1.10",
   "minecraft:item": {
      "description": {
         "identifier": "fortnite:typhoon_blade",
         "category": "misc",
         "is_experimental": false
      },
      "components": {
         "minecraft:icon": "typhoon_blade",
         "minecraft:display_name": {
            "value": "Typhoon Blade"
         },
         "minecraft:damage": {
            "max_damage": 250
         },
         "minecraft:use_duration": 1.0,
         "minecraft:cooldown": {
            "category": "weapon",
            "duration": 5
         }
      }
   }
}